Employee_ID,Department,Leave_Date,Leave_Type,Leave_Days,Month
EMP0001,Operations,18-11-2024,Sick Leave,2,November
EMP0002,IT,11-04-2024,Earned Leave,3,April
EMP0003,Sales,21-10-2024,Sick Leave,2,October
EMP0004,Sales,16-12-2024,Earned Leave,3,December
EMP0005,Operations,25-10-2024,Sick Leave,3,October
EMP0006,IT,15-06-2024,Casual Leave,3,June
EMP0007,HR,02-05-2024,Earned Leave,3,May
EMP0008,IT,03-08-2024,Earned Leave,1,August
EMP0009,Finance,29-11-2024,Earned Leave,1,November
EMP0010,Finance,25-07-2024,Casual Leave,2,July
EMP0011,HR,21-07-2024,Casual Leave,2,July
EMP0012,Operations,09-11-2024,Casual Leave,2,November
EMP0013,HR,16-05-2024,Casual Leave,2,May
EMP0014,Operations,08-03-2024,Earned Leave,2,March
EMP0015,HR,24-11-2024,Earned Leave,3,November
EMP0016,Sales,28-04-2024,Casual Leave,3,April
EMP0017,Finance,27-10-2024,Sick Leave,1,October
EMP0018,Sales,31-01-2024,Earned Leave,3,January
EMP0019,Operations,02-06-2024,Sick Leave,3,June
EMP0020,Operations,04-11-2024,Earned Leave,2,November
EMP0021,HR,17-02-2024,Earned Leave,3,February
EMP0022,HR,26-03-2024,Sick Leave,3,March
EMP0023,HR,27-11-2024,Casual Leave,1,November
EMP0024,Sales,11-01-2024,Casual Leave,3,January
EMP0025,HR,24-12-2024,Sick Leave,2,December
EMP0026,Finance,19-01-2024,Sick Leave,1,January
EMP0027,HR,04-11-2024,Sick Leave,1,November
EMP0028,IT,03-01-2024,Sick Leave,3,January
EMP0029,Operations,03-11-2024,Earned Leave,2,November
EMP0030,IT,03-12-2024,Earned Leave,3,December
EMP0031,Sales,08-03-2024,Sick Leave,2,March
EMP0032,Sales,27-04-2024,Sick Leave,1,April
EMP0033,HR,07-05-2024,Casual Leave,3,May
EMP0034,Sales,03-11-2024,Earned Leave,1,November
EMP0035,HR,12-10-2024,Sick Leave,1,October
EMP0036,IT,15-07-2024,Earned Leave,3,July
EMP0037,HR,09-03-2024,Earned Leave,2,March
EMP0038,HR,14-03-2024,Sick Leave,2,March
EMP0039,Operations,03-12-2024,Sick Leave,3,December
EMP0040,Operations,23-08-2024,Casual Leave,3,August
EMP0041,Operations,19-03-2024,Earned Leave,1,March
EMP0042,Finance,28-09-2024,Earned Leave,3,September
EMP0043,IT,09-02-2024,Casual Leave,1,February
EMP0044,Sales,09-10-2024,Earned Leave,1,October
EMP0045,HR,20-05-2024,Sick Leave,3,May
EMP0046,Operations,20-05-2024,Casual Leave,1,May
EMP0047,HR,13-08-2024,Sick Leave,3,August
EMP0048,Operations,10-07-2024,Casual Leave,3,July
EMP0049,Sales,27-09-2024,Sick Leave,2,September
EMP0050,IT,15-01-2024,Earned Leave,2,January
EMP0051,Sales,26-06-2024,Sick Leave,1,June
EMP0052,Sales,09-01-2024,Casual Leave,1,January
EMP0053,Sales,30-11-2024,Sick Leave,1,November
EMP0054,IT,08-12-2024,Casual Leave,2,December
EMP0055,Sales,26-10-2024,Earned Leave,3,October
EMP0056,Sales,21-09-2024,Sick Leave,2,September
EMP0057,Operations,12-08-2024,Earned Leave,3,August
EMP0058,Sales,19-04-2024,Sick Leave,2,April
EMP0059,IT,07-07-2024,Earned Leave,3,July
EMP0060,Sales,26-11-2024,Earned Leave,2,November
EMP0061,IT,26-06-2024,Earned Leave,2,June
EMP0062,IT,05-06-2024,Earned Leave,3,June
EMP0063,IT,13-02-2024,Earned Leave,3,February
EMP0064,Finance,17-02-2024,Sick Leave,2,February
EMP0065,Sales,06-06-2024,Earned Leave,1,June
EMP0066,Finance,09-12-2024,Earned Leave,3,December
EMP0067,Finance,27-09-2024,Casual Leave,2,September
EMP0068,Sales,19-06-2024,Casual Leave,2,June
EMP0069,Sales,27-09-2024,Sick Leave,2,September
EMP0070,Finance,20-12-2024,Earned Leave,3,December
EMP0071,HR,31-01-2024,Earned Leave,3,January
EMP0072,Operations,14-09-2024,Casual Leave,1,September
EMP0073,Sales,24-01-2024,Sick Leave,1,January
EMP0074,IT,28-10-2024,Earned Leave,1,October
EMP0075,IT,31-10-2024,Sick Leave,3,October
EMP0076,Operations,01-12-2024,Casual Leave,1,December
EMP0077,Sales,20-05-2024,Sick Leave,1,May
EMP0078,Operations,04-01-2024,Casual Leave,2,January
EMP0079,Operations,10-11-2024,Casual Leave,3,November
EMP0080,Operations,13-01-2024,Casual Leave,1,January
EMP0081,Sales,13-02-2024,Sick Leave,1,February
EMP0082,Sales,04-12-2024,Casual Leave,2,December
EMP0083,HR,03-03-2024,Casual Leave,2,March
EMP0084,Operations,04-08-2024,Sick Leave,2,August
EMP0085,Sales,16-05-2024,Sick Leave,3,May
EMP0086,HR,08-03-2024,Sick Leave,2,March
EMP0087,Finance,09-01-2024,Sick Leave,3,January
EMP0088,Finance,13-09-2024,Earned Leave,2,September
EMP0089,Sales,26-12-2024,Earned Leave,2,December
EMP0090,Finance,21-12-2024,Earned Leave,3,December
EMP0091,Sales,01-08-2024,Sick Leave,2,August
EMP0092,Operations,29-09-2024,Sick Leave,2,September
EMP0093,Operations,03-02-2024,Casual Leave,3,February
EMP0094,HR,06-06-2024,Sick Leave,3,June
EMP0095,Operations,10-04-2024,Casual Leave,2,April
EMP0096,Sales,09-01-2024,Sick Leave,1,January
EMP0097,IT,06-06-2024,Sick Leave,3,June
EMP0098,Finance,02-06-2024,Sick Leave,3,June
EMP0099,Operations,04-03-2024,Casual Leave,1,March
EMP0100,Operations,03-03-2024,Sick Leave,3,March
EMP0101,IT,21-06-2024,Earned Leave,2,June
EMP0102,IT,07-04-2024,Sick Leave,2,April
EMP0103,Finance,26-04-2024,Earned Leave,2,April
EMP0104,HR,16-07-2024,Casual Leave,1,July
EMP0105,Operations,28-10-2024,Casual Leave,2,October
EMP0106,Finance,27-09-2024,Sick Leave,3,September
EMP0107,Operations,13-09-2024,Earned Leave,3,September
EMP0108,HR,28-11-2024,Casual Leave,1,November
EMP0109,Finance,10-09-2024,Casual Leave,1,September
EMP0110,Sales,05-05-2024,Earned Leave,3,May
EMP0111,Finance,18-10-2024,Earned Leave,2,October
EMP0112,Operations,31-01-2024,Casual Leave,3,January
EMP0113,IT,10-11-2024,Sick Leave,3,November
EMP0114,Finance,10-09-2024,Sick Leave,1,September
EMP0115,IT,30-10-2024,Earned Leave,2,October
EMP0116,IT,10-10-2024,Casual Leave,1,October
EMP0117,Operations,31-03-2024,Casual Leave,2,March
EMP0118,IT,15-04-2024,Sick Leave,3,April
EMP0119,HR,17-08-2024,Sick Leave,1,August
EMP0120,Operations,14-12-2024,Sick Leave,1,December
EMP0121,IT,02-03-2024,Casual Leave,2,March
EMP0122,Operations,29-08-2024,Sick Leave,2,August
EMP0123,Sales,13-09-2024,Earned Leave,3,September
EMP0124,Operations,16-03-2024,Casual Leave,3,March
EMP0125,IT,06-01-2024,Earned Leave,1,January
EMP0126,Sales,12-08-2024,Sick Leave,1,August
EMP0127,HR,25-03-2024,Sick Leave,1,March
EMP0128,IT,19-12-2024,Earned Leave,1,December
EMP0129,Sales,20-04-2024,Sick Leave,3,April
EMP0130,Operations,21-01-2024,Casual Leave,1,January
EMP0131,HR,01-01-2024,Sick Leave,1,January
EMP0132,Sales,05-03-2024,Casual Leave,1,March
EMP0133,IT,02-06-2024,Sick Leave,2,June
EMP0134,Operations,06-09-2024,Earned Leave,2,September
EMP0135,Operations,01-06-2024,Sick Leave,1,June
EMP0136,Operations,10-05-2024,Earned Leave,3,May
EMP0137,Finance,12-08-2024,Sick Leave,1,August
EMP0138,IT,18-11-2024,Sick Leave,3,November
EMP0139,Sales,20-03-2024,Casual Leave,3,March
EMP0140,Sales,10-03-2024,Sick Leave,3,March
EMP0141,Finance,02-11-2024,Earned Leave,2,November
EMP0142,Operations,25-02-2024,Earned Leave,1,February
EMP0143,HR,04-02-2024,Sick Leave,2,February
EMP0144,Sales,04-11-2024,Casual Leave,3,November
EMP0145,HR,12-07-2024,Casual Leave,2,July
EMP0146,IT,16-09-2024,Casual Leave,2,September
EMP0147,HR,07-04-2024,Earned Leave,2,April
EMP0148,Operations,04-02-2024,Casual Leave,1,February
EMP0149,Sales,09-04-2024,Casual Leave,2,April
EMP0150,IT,17-03-2024,Casual Leave,1,March
EMP0151,Finance,08-12-2024,Casual Leave,1,December
EMP0152,HR,04-10-2024,Earned Leave,1,October
EMP0153,Finance,02-06-2024,Earned Leave,1,June
EMP0154,HR,09-11-2024,Earned Leave,1,November
EMP0155,Finance,04-03-2024,Casual Leave,3,March
EMP0156,IT,29-12-2024,Earned Leave,1,December
EMP0157,IT,14-05-2024,Earned Leave,2,May
EMP0158,Sales,14-10-2024,Casual Leave,3,October
EMP0159,IT,22-09-2024,Sick Leave,3,September
EMP0160,HR,12-01-2024,Earned Leave,2,January
EMP0161,HR,19-11-2024,Sick Leave,3,November
EMP0162,IT,16-09-2024,Casual Leave,2,September
EMP0163,IT,04-11-2024,Earned Leave,2,November
EMP0164,IT,09-03-2024,Sick Leave,3,March
EMP0165,Sales,08-01-2024,Sick Leave,2,January
EMP0166,Finance,13-08-2024,Casual Leave,2,August
EMP0167,HR,10-04-2024,Sick Leave,1,April
EMP0168,Finance,29-10-2024,Sick Leave,2,October
EMP0169,Finance,15-07-2024,Sick Leave,2,July
EMP0170,Operations,18-11-2024,Sick Leave,1,November
EMP0171,Finance,22-02-2024,Sick Leave,3,February
EMP0172,Sales,09-07-2024,Casual Leave,2,July
EMP0173,Operations,29-01-2024,Earned Leave,3,January
EMP0174,HR,23-08-2024,Earned Leave,2,August
EMP0175,IT,30-07-2024,Earned Leave,2,July
EMP0176,Operations,07-08-2024,Sick Leave,3,August
EMP0177,IT,24-05-2024,Casual Leave,2,May
EMP0178,Operations,13-01-2024,Earned Leave,2,January
EMP0179,Sales,21-01-2024,Earned Leave,2,January
EMP0180,Finance,30-11-2024,Casual Leave,1,November
EMP0181,Operations,26-05-2024,Sick Leave,2,May
EMP0182,IT,11-02-2024,Casual Leave,3,February
EMP0183,HR,27-09-2024,Sick Leave,1,September
EMP0184,Finance,20-02-2024,Casual Leave,1,February
EMP0185,Operations,18-03-2024,Sick Leave,1,March
EMP0186,HR,28-11-2024,Earned Leave,2,November
EMP0187,HR,06-02-2024,Sick Leave,2,February
EMP0188,Operations,22-07-2024,Casual Leave,3,July
EMP0189,IT,16-01-2024,Casual Leave,3,January
EMP0190,HR,10-09-2024,Sick Leave,1,September
EMP0191,Finance,28-02-2024,Earned Leave,2,February
EMP0192,HR,13-06-2024,Sick Leave,1,June
EMP0193,Sales,30-08-2024,Earned Leave,2,August
EMP0194,HR,07-11-2024,Earned Leave,2,November
EMP0195,IT,08-03-2024,Earned Leave,3,March
EMP0196,Sales,20-10-2024,Casual Leave,3,October
EMP0197,Finance,28-08-2024,Earned Leave,2,August
EMP0198,HR,16-10-2024,Earned Leave,3,October
EMP0199,HR,23-12-2024,Earned Leave,2,December
EMP0200,Operations,19-11-2024,Casual Leave,1,November
EMP0201,Operations,27-01-2024,Casual Leave,3,January
EMP0202,Sales,25-03-2024,Sick Leave,2,March
EMP0203,IT,01-08-2024,Earned Leave,3,August
EMP0204,Finance,15-03-2024,Casual Leave,2,March
EMP0205,Operations,09-04-2024,Casual Leave,1,April
EMP0206,HR,17-07-2024,Earned Leave,2,July
EMP0207,Operations,30-10-2024,Casual Leave,1,October
EMP0208,Finance,23-01-2024,Casual Leave,1,January
EMP0209,Finance,13-03-2024,Casual Leave,3,March
EMP0210,HR,21-03-2024,Earned Leave,2,March
EMP0211,Sales,30-06-2024,Earned Leave,2,June
EMP0212,IT,24-12-2024,Sick Leave,1,December
EMP0213,HR,08-12-2024,Casual Leave,1,December
EMP0214,Sales,14-07-2024,Earned Leave,2,July
EMP0215,IT,06-06-2024,Earned Leave,3,June
EMP0216,Finance,25-03-2024,Sick Leave,2,March
EMP0217,HR,12-09-2024,Earned Leave,3,September
EMP0218,IT,12-06-2024,Earned Leave,1,June
EMP0219,Sales,03-10-2024,Casual Leave,3,October
EMP0220,Sales,06-10-2024,Casual Leave,1,October
EMP0221,Operations,23-12-2024,Earned Leave,2,December
EMP0222,Sales,05-08-2024,Sick Leave,3,August
EMP0223,IT,02-07-2024,Earned Leave,1,July
EMP0224,Operations,14-06-2024,Sick Leave,2,June
EMP0225,Sales,08-07-2024,Sick Leave,3,July
EMP0226,Operations,29-03-2024,Earned Leave,1,March
EMP0227,HR,08-10-2024,Earned Leave,2,October
EMP0228,IT,28-12-2024,Earned Leave,2,December
EMP0229,Finance,31-03-2024,Earned Leave,2,March
EMP0230,Finance,22-07-2024,Casual Leave,3,July
EMP0231,HR,25-07-2024,Casual Leave,3,July
EMP0232,Operations,01-01-2024,Casual Leave,1,January
EMP0233,Sales,28-03-2024,Sick Leave,3,March
EMP0234,IT,23-12-2024,Earned Leave,3,December
EMP0235,HR,03-08-2024,Earned Leave,1,August
EMP0236,Operations,14-05-2024,Casual Leave,2,May
EMP0237,IT,31-08-2024,Earned Leave,2,August
EMP0238,HR,05-01-2024,Sick Leave,3,January
EMP0239,Finance,27-04-2024,Earned Leave,3,April
EMP0240,Operations,16-01-2024,Sick Leave,3,January
EMP0241,Operations,14-06-2024,Earned Leave,2,June
EMP0242,Operations,05-11-2024,Earned Leave,2,November
EMP0243,Operations,20-11-2024,Sick Leave,2,November
EMP0244,Sales,14-08-2024,Casual Leave,2,August
EMP0245,IT,30-09-2024,Sick Leave,2,September
EMP0246,Finance,29-02-2024,Sick Leave,2,February
EMP0247,HR,15-02-2024,Sick Leave,1,February
EMP0248,Finance,17-01-2024,Casual Leave,1,January
EMP0249,IT,13-05-2024,Earned Leave,3,May
EMP0250,Finance,11-08-2024,Casual Leave,3,August
EMP0251,HR,18-10-2024,Earned Leave,1,October
EMP0252,Finance,28-08-2024,Sick Leave,3,August
EMP0253,Operations,07-10-2024,Sick Leave,1,October
EMP0254,Finance,30-06-2024,Sick Leave,3,June
EMP0255,Operations,16-06-2024,Casual Leave,2,June
EMP0256,HR,05-08-2024,Sick Leave,1,August
EMP0257,Sales,07-08-2024,Sick Leave,2,August
EMP0258,Sales,26-01-2024,Sick Leave,2,January
EMP0259,HR,12-01-2024,Earned Leave,3,January
EMP0260,Operations,21-05-2024,Sick Leave,3,May
EMP0261,HR,13-11-2024,Earned Leave,1,November
EMP0262,IT,10-07-2024,Sick Leave,2,July
EMP0263,Operations,16-05-2024,Sick Leave,2,May
EMP0264,Finance,11-07-2024,Casual Leave,2,July
EMP0265,IT,07-06-2024,Casual Leave,3,June
EMP0266,IT,16-11-2024,Sick Leave,2,November
EMP0267,Sales,20-01-2024,Earned Leave,2,January
EMP0268,Operations,11-11-2024,Earned Leave,3,November
EMP0269,HR,29-10-2024,Earned Leave,2,October
EMP0270,Sales,05-05-2024,Sick Leave,1,May
EMP0271,Operations,24-01-2024,Earned Leave,2,January
EMP0272,HR,04-11-2024,Casual Leave,2,November
EMP0273,Operations,16-06-2024,Sick Leave,2,June
EMP0274,IT,21-01-2024,Earned Leave,2,January
EMP0275,Finance,31-03-2024,Earned Leave,2,March
EMP0276,Sales,03-01-2024,Casual Leave,3,January
EMP0277,Sales,03-08-2024,Casual Leave,2,August
EMP0278,Operations,28-08-2024,Casual Leave,1,August
EMP0279,HR,09-10-2024,Sick Leave,3,October
EMP0280,Sales,06-09-2024,Earned Leave,3,September
EMP0281,Sales,31-01-2024,Earned Leave,2,January
EMP0282,Finance,06-10-2024,Sick Leave,2,October
EMP0283,Sales,30-10-2024,Casual Leave,3,October
EMP0284,IT,28-03-2024,Casual Leave,1,March
EMP0285,IT,24-07-2024,Sick Leave,2,July
EMP0286,HR,22-03-2024,Sick Leave,2,March
EMP0287,Operations,28-09-2024,Earned Leave,2,September
EMP0288,Finance,08-06-2024,Sick Leave,3,June
EMP0289,Finance,01-07-2024,Casual Leave,2,July
EMP0290,Sales,28-06-2024,Earned Leave,2,June
EMP0291,Sales,10-08-2024,Sick Leave,3,August
EMP0292,IT,04-09-2024,Earned Leave,1,September
EMP0293,Finance,02-11-2024,Earned Leave,2,November
EMP0294,HR,01-03-2024,Sick Leave,1,March
EMP0295,HR,20-10-2024,Sick Leave,3,October
EMP0296,HR,18-03-2024,Earned Leave,2,March
EMP0297,Operations,10-07-2024,Sick Leave,3,July
EMP0298,IT,19-07-2024,Sick Leave,1,July
EMP0299,Finance,05-08-2024,Sick Leave,3,August
EMP0300,Sales,09-08-2024,Earned Leave,2,August
EMP0301,Operations,25-11-2024,Casual Leave,3,November
EMP0302,HR,15-05-2024,Casual Leave,1,May
EMP0303,Finance,16-06-2024,Sick Leave,2,June
EMP0304,IT,29-12-2024,Casual Leave,3,December
EMP0305,Sales,18-05-2024,Earned Leave,2,May
EMP0306,IT,31-07-2024,Earned Leave,1,July
EMP0307,HR,26-04-2024,Sick Leave,2,April
EMP0308,IT,09-07-2024,Earned Leave,1,July
EMP0309,Sales,28-02-2024,Sick Leave,3,February
EMP0310,Sales,04-08-2024,Earned Leave,1,August
EMP0311,Sales,29-06-2024,Sick Leave,1,June
EMP0312,Finance,24-03-2024,Casual Leave,3,March
EMP0313,Operations,04-11-2024,Sick Leave,2,November
EMP0314,Finance,28-06-2024,Sick Leave,3,June
EMP0315,HR,06-10-2024,Casual Leave,1,October
EMP0316,Finance,22-10-2024,Casual Leave,3,October
EMP0317,Operations,03-12-2024,Casual Leave,2,December
EMP0318,IT,25-05-2024,Casual Leave,2,May
EMP0319,HR,02-12-2024,Sick Leave,3,December
EMP0320,Finance,27-01-2024,Earned Leave,3,January
EMP0321,HR,25-08-2024,Sick Leave,1,August
EMP0322,Finance,19-04-2024,Earned Leave,3,April
EMP0323,Finance,21-06-2024,Earned Leave,2,June
EMP0324,Operations,28-09-2024,Sick Leave,1,September
EMP0325,Sales,20-08-2024,Earned Leave,3,August
EMP0326,IT,20-07-2024,Casual Leave,3,July
EMP0327,Operations,26-08-2024,Casual Leave,1,August
EMP0328,Operations,07-06-2024,Earned Leave,1,June
EMP0329,IT,02-07-2024,Earned Leave,3,July
EMP0330,IT,04-04-2024,Earned Leave,3,April
EMP0331,IT,04-01-2024,Casual Leave,2,January
EMP0332,Operations,06-03-2024,Casual Leave,2,March
EMP0333,HR,14-08-2024,Casual Leave,1,August
EMP0334,Operations,25-07-2024,Sick Leave,2,July
EMP0335,Finance,10-05-2024,Earned Leave,3,May
EMP0336,Operations,18-09-2024,Earned Leave,1,September
EMP0337,Sales,08-02-2024,Earned Leave,3,February
EMP0338,Sales,09-05-2024,Casual Leave,1,May
EMP0339,Finance,05-02-2024,Casual Leave,1,February
EMP0340,Operations,11-10-2024,Sick Leave,1,October
EMP0341,Sales,14-09-2024,Earned Leave,2,September
EMP0342,Finance,16-01-2024,Casual Leave,3,January
EMP0343,Operations,26-10-2024,Earned Leave,1,October
EMP0344,IT,17-01-2024,Earned Leave,2,January
EMP0345,HR,02-11-2024,Earned Leave,2,November
EMP0346,Sales,26-05-2024,Sick Leave,1,May
EMP0347,Finance,09-12-2024,Sick Leave,1,December
EMP0348,Finance,08-04-2024,Casual Leave,3,April
EMP0349,HR,26-11-2024,Casual Leave,1,November
EMP0350,IT,19-10-2024,Earned Leave,2,October
EMP0351,Sales,17-07-2024,Earned Leave,1,July
EMP0352,Finance,10-01-2024,Casual Leave,2,January
EMP0353,Finance,25-09-2024,Casual Leave,1,September
EMP0354,Finance,14-08-2024,Earned Leave,1,August
EMP0355,Operations,19-09-2024,Earned Leave,3,September
EMP0356,Sales,15-03-2024,Sick Leave,3,March
EMP0357,Operations,18-11-2024,Sick Leave,2,November
EMP0358,HR,25-01-2024,Sick Leave,3,January
EMP0359,Finance,14-09-2024,Earned Leave,2,September
EMP0360,Finance,08-08-2024,Sick Leave,1,August
EMP0361,HR,20-12-2024,Earned Leave,3,December
EMP0362,Finance,12-02-2024,Casual Leave,2,February
EMP0363,HR,06-12-2024,Casual Leave,3,December
EMP0364,Finance,28-11-2024,Earned Leave,2,November
EMP0365,HR,18-12-2024,Earned Leave,1,December
EMP0366,Operations,05-12-2024,Sick Leave,3,December
EMP0367,HR,07-12-2024,Casual Leave,2,December
EMP0368,Operations,06-09-2024,Sick Leave,1,September
EMP0369,IT,20-01-2024,Earned Leave,2,January
EMP0370,Operations,26-09-2024,Earned Leave,3,September
EMP0371,Operations,06-12-2024,Sick Leave,2,December
EMP0372,IT,25-02-2024,Earned Leave,2,February
EMP0373,HR,04-12-2024,Casual Leave,1,December
EMP0374,IT,01-10-2024,Casual Leave,1,October
EMP0375,HR,19-09-2024,Earned Leave,3,September
EMP0376,Finance,29-08-2024,Earned Leave,1,August
EMP0377,Finance,01-10-2024,Sick Leave,2,October
EMP0378,HR,14-09-2024,Casual Leave,1,September
EMP0379,Finance,27-10-2024,Sick Leave,1,October
EMP0380,Operations,26-04-2024,Casual Leave,2,April
EMP0381,Operations,29-05-2024,Sick Leave,3,May
EMP0382,IT,21-09-2024,Casual Leave,3,September
EMP0383,Finance,28-09-2024,Casual Leave,1,September
EMP0384,HR,26-05-2024,Earned Leave,3,May
EMP0385,HR,24-01-2024,Sick Leave,3,January
EMP0386,Finance,04-11-2024,Sick Leave,1,November
EMP0387,Sales,08-02-2024,Sick Leave,2,February
EMP0388,Operations,10-03-2024,Casual Leave,3,March
EMP0389,IT,28-03-2024,Casual Leave,1,March
EMP0390,Sales,26-11-2024,Sick Leave,3,November
EMP0391,HR,26-08-2024,Earned Leave,1,August
EMP0392,Operations,06-11-2024,Casual Leave,3,November
EMP0393,Operations,07-10-2024,Sick Leave,3,October
EMP0394,Sales,28-09-2024,Earned Leave,2,September
EMP0395,Sales,24-12-2024,Earned Leave,3,December
EMP0396,HR,05-10-2024,Sick Leave,3,October
EMP0397,Sales,12-03-2024,Earned Leave,2,March
EMP0398,Operations,03-11-2024,Sick Leave,3,November
EMP0399,Operations,25-05-2024,Earned Leave,3,May
EMP0400,Finance,10-08-2024,Casual Leave,3,August
EMP0401,IT,03-11-2024,Casual Leave,1,November
EMP0402,Finance,13-11-2024,Sick Leave,1,November
EMP0403,Finance,21-08-2024,Casual Leave,3,August
EMP0404,HR,23-01-2024,Earned Leave,3,January
EMP0405,Finance,30-05-2024,Casual Leave,2,May
EMP0406,IT,25-10-2024,Sick Leave,3,October
EMP0407,HR,08-07-2024,Earned Leave,1,July
EMP0408,HR,10-11-2024,Casual Leave,1,November
EMP0409,Operations,24-06-2024,Sick Leave,3,June
EMP0410,Sales,27-07-2024,Sick Leave,3,July
EMP0411,HR,05-04-2024,Sick Leave,2,April
EMP0412,Operations,20-05-2024,Casual Leave,1,May
EMP0413,Operations,05-06-2024,Sick Leave,3,June
EMP0414,Operations,06-08-2024,Sick Leave,2,August
EMP0415,HR,02-11-2024,Casual Leave,1,November
EMP0416,HR,31-10-2024,Earned Leave,3,October
EMP0417,Finance,14-01-2024,Casual Leave,1,January
EMP0418,Sales,15-11-2024,Sick Leave,2,November
EMP0419,HR,21-01-2024,Casual Leave,3,January
EMP0420,Operations,19-10-2024,Casual Leave,3,October
EMP0421,Sales,12-04-2024,Casual Leave,2,April
EMP0422,Finance,03-07-2024,Sick Leave,1,July
EMP0423,Operations,05-12-2024,Earned Leave,2,December
EMP0424,IT,11-03-2024,Casual Leave,2,March
EMP0425,IT,16-08-2024,Sick Leave,3,August
EMP0426,Operations,09-07-2024,Sick Leave,1,July
EMP0427,IT,29-01-2024,Earned Leave,2,January
EMP0428,IT,08-06-2024,Earned Leave,1,June
EMP0429,Finance,01-12-2024,Sick Leave,2,December
EMP0430,Sales,13-09-2024,Sick Leave,3,September
EMP0431,HR,17-03-2024,Earned Leave,1,March
EMP0432,IT,21-01-2024,Casual Leave,1,January
EMP0433,Operations,30-05-2024,Earned Leave,3,May
EMP0434,HR,23-12-2024,Earned Leave,1,December
EMP0435,Finance,10-08-2024,Sick Leave,1,August
EMP0436,Finance,20-08-2024,Sick Leave,2,August
EMP0437,Sales,19-09-2024,Earned Leave,1,September
EMP0438,IT,30-04-2024,Sick Leave,2,April
EMP0439,HR,28-05-2024,Sick Leave,3,May
EMP0440,HR,26-09-2024,Casual Leave,3,September
EMP0441,Operations,13-10-2024,Earned Leave,3,October
EMP0442,HR,31-07-2024,Earned Leave,3,July
EMP0443,Finance,03-03-2024,Earned Leave,3,March
EMP0444,IT,22-11-2024,Earned Leave,2,November
EMP0445,IT,09-01-2024,Sick Leave,1,January
EMP0446,Finance,27-12-2024,Earned Leave,3,December
EMP0447,Finance,13-01-2024,Casual Leave,1,January
EMP0448,HR,23-06-2024,Sick Leave,3,June
EMP0449,Operations,19-10-2024,Earned Leave,2,October
EMP0450,IT,26-01-2024,Sick Leave,1,January
EMP0451,Finance,12-12-2024,Earned Leave,1,December
EMP0452,Finance,04-11-2024,Sick Leave,1,November
EMP0453,Operations,11-12-2024,Earned Leave,3,December
EMP0454,Operations,11-10-2024,Casual Leave,1,October
EMP0455,Operations,27-02-2024,Casual Leave,3,February
EMP0456,Sales,31-01-2024,Earned Leave,2,January
EMP0457,IT,09-12-2024,Earned Leave,1,December
EMP0458,IT,19-06-2024,Casual Leave,3,June
EMP0459,HR,16-07-2024,Casual Leave,1,July
EMP0460,IT,28-05-2024,Sick Leave,1,May
EMP0461,HR,05-01-2024,Casual Leave,2,January
EMP0462,Finance,07-02-2024,Sick Leave,1,February
EMP0463,Operations,09-03-2024,Casual Leave,1,March
EMP0464,Finance,08-12-2024,Casual Leave,1,December
EMP0465,Sales,07-04-2024,Earned Leave,2,April
EMP0466,IT,30-09-2024,Sick Leave,3,September
EMP0467,Operations,27-12-2024,Casual Leave,1,December
EMP0468,HR,28-08-2024,Sick Leave,2,August
EMP0469,Sales,05-12-2024,Sick Leave,3,December
EMP0470,Sales,10-01-2024,Earned Leave,3,January
EMP0471,Sales,06-12-2024,Sick Leave,1,December
EMP0472,Operations,22-09-2024,Sick Leave,2,September
EMP0473,IT,06-04-2024,Earned Leave,3,April
EMP0474,IT,18-12-2024,Casual Leave,3,December
EMP0475,Finance,09-07-2024,Casual Leave,1,July
EMP0476,Operations,12-06-2024,Sick Leave,3,June
EMP0477,IT,01-12-2024,Earned Leave,2,December
EMP0478,IT,30-09-2024,Casual Leave,1,September
EMP0479,HR,13-02-2024,Earned Leave,3,February
EMP0480,Sales,21-09-2024,Earned Leave,2,September
EMP0481,HR,29-01-2024,Earned Leave,1,January
EMP0482,Sales,29-08-2024,Earned Leave,2,August
EMP0483,Finance,15-12-2024,Sick Leave,1,December
EMP0484,Finance,17-03-2024,Earned Leave,1,March
EMP0485,Finance,26-11-2024,Earned Leave,3,November
EMP0486,Sales,22-06-2024,Sick Leave,2,June
EMP0487,IT,28-11-2024,Sick Leave,2,November
EMP0488,Operations,18-03-2024,Casual Leave,3,March
EMP0489,IT,27-12-2024,Sick Leave,1,December
EMP0490,Operations,15-10-2024,Sick Leave,2,October
EMP0491,IT,04-05-2024,Sick Leave,2,May
EMP0492,Sales,22-03-2024,Earned Leave,1,March
EMP0493,Finance,22-08-2024,Casual Leave,2,August
EMP0494,Sales,25-01-2024,Sick Leave,2,January
EMP0495,HR,30-05-2024,Earned Leave,1,May
EMP0496,HR,17-09-2024,Earned Leave,2,September
EMP0497,Finance,01-03-2024,Sick Leave,2,March
EMP0498,Operations,07-03-2024,Casual Leave,3,March
EMP0499,HR,02-12-2024,Casual Leave,3,December
EMP0500,Operations,17-03-2024,Sick Leave,3,March
EMP0501,Operations,01-03-2024,Earned Leave,2,March
EMP0502,Operations,02-05-2024,Casual Leave,3,May
EMP0503,HR,11-03-2024,Casual Leave,1,March
EMP0504,Operations,25-06-2024,Sick Leave,2,June
EMP0505,Finance,29-04-2024,Sick Leave,2,April
EMP0506,HR,04-02-2024,Casual Leave,2,February
EMP0507,Sales,16-05-2024,Earned Leave,3,May
EMP0508,Sales,30-05-2024,Casual Leave,2,May
EMP0509,IT,09-01-2024,Sick Leave,2,January
EMP0510,HR,13-11-2024,Casual Leave,1,November
EMP0511,HR,14-08-2024,Earned Leave,3,August
EMP0512,Sales,10-12-2024,Sick Leave,2,December
EMP0513,Operations,09-01-2024,Casual Leave,1,January
EMP0514,Sales,11-05-2024,Sick Leave,3,May
EMP0515,HR,14-01-2024,Casual Leave,3,January
EMP0516,Finance,28-03-2024,Sick Leave,2,March
EMP0517,IT,12-11-2024,Casual Leave,1,November
EMP0518,Sales,06-05-2024,Earned Leave,2,May
EMP0519,Finance,07-02-2024,Earned Leave,2,February
EMP0520,Sales,28-12-2024,Earned Leave,3,December
EMP0521,IT,18-11-2024,Sick Leave,1,November
EMP0522,Finance,27-05-2024,Earned Leave,1,May
EMP0523,Operations,08-07-2024,Casual Leave,2,July
EMP0524,Operations,16-04-2024,Sick Leave,1,April
EMP0525,Finance,16-11-2024,Sick Leave,3,November
EMP0526,IT,03-07-2024,Sick Leave,2,July
EMP0527,IT,19-03-2024,Casual Leave,2,March
EMP0528,Operations,25-08-2024,Casual Leave,2,August
EMP0529,IT,08-04-2024,Casual Leave,3,April
EMP0530,Finance,14-02-2024,Sick Leave,2,February
EMP0531,IT,01-05-2024,Earned Leave,3,May
EMP0532,IT,26-02-2024,Earned Leave,1,February
EMP0533,Finance,22-01-2024,Earned Leave,3,January
EMP0534,HR,30-01-2024,Earned Leave,1,January
EMP0535,HR,16-09-2024,Earned Leave,1,September
EMP0536,Sales,01-12-2024,Casual Leave,2,December
EMP0537,Finance,20-08-2024,Casual Leave,2,August
EMP0538,IT,09-05-2024,Sick Leave,2,May
EMP0539,HR,07-02-2024,Earned Leave,1,February
EMP0540,Operations,23-11-2024,Casual Leave,3,November
EMP0541,Sales,11-07-2024,Casual Leave,2,July
EMP0542,Operations,30-09-2024,Earned Leave,2,September
EMP0543,Operations,20-10-2024,Sick Leave,1,October
EMP0544,Operations,27-11-2024,Earned Leave,2,November
EMP0545,HR,18-08-2024,Earned Leave,1,August
EMP0546,Finance,13-02-2024,Casual Leave,3,February
EMP0547,IT,05-10-2024,Sick Leave,1,October
EMP0548,Sales,02-12-2024,Sick Leave,3,December
EMP0549,Operations,21-05-2024,Sick Leave,2,May
EMP0550,Finance,13-11-2024,Sick Leave,2,November
EMP0551,HR,19-11-2024,Earned Leave,2,November
EMP0552,Sales,09-11-2024,Sick Leave,1,November
EMP0553,HR,03-01-2024,Earned Leave,3,January
EMP0554,Sales,23-07-2024,Sick Leave,2,July
EMP0555,Sales,16-11-2024,Casual Leave,3,November
EMP0556,HR,01-05-2024,Earned Leave,2,May
EMP0557,HR,21-12-2024,Earned Leave,3,December
EMP0558,HR,20-12-2024,Sick Leave,1,December
EMP0559,Operations,26-12-2024,Casual Leave,2,December
EMP0560,Finance,13-03-2024,Earned Leave,1,March
EMP0561,Operations,01-09-2024,Sick Leave,1,September
EMP0562,Finance,13-01-2024,Casual Leave,3,January
EMP0563,HR,17-03-2024,Casual Leave,2,March
EMP0564,HR,22-09-2024,Casual Leave,1,September
EMP0565,Sales,11-04-2024,Casual Leave,3,April
EMP0566,Sales,23-11-2024,Sick Leave,3,November
EMP0567,Finance,01-12-2024,Sick Leave,2,December
EMP0568,Operations,02-08-2024,Earned Leave,2,August
EMP0569,Sales,23-01-2024,Sick Leave,1,January
EMP0570,Operations,27-10-2024,Sick Leave,3,October
EMP0571,HR,25-04-2024,Earned Leave,1,April
EMP0572,Finance,06-04-2024,Casual Leave,3,April
EMP0573,Sales,25-10-2024,Sick Leave,2,October
EMP0574,HR,21-10-2024,Sick Leave,3,October
EMP0575,IT,28-05-2024,Earned Leave,3,May
EMP0576,Sales,11-06-2024,Earned Leave,3,June
EMP0577,HR,16-11-2024,Earned Leave,2,November
EMP0578,IT,03-11-2024,Earned Leave,3,November
EMP0579,Finance,04-10-2024,Earned Leave,2,October
EMP0580,Finance,27-08-2024,Sick Leave,3,August
EMP0581,Sales,17-12-2024,Sick Leave,2,December
EMP0582,Operations,21-08-2024,Sick Leave,2,August
EMP0583,Operations,20-03-2024,Sick Leave,1,March
EMP0584,HR,08-06-2024,Earned Leave,2,June
EMP0585,Finance,02-02-2024,Casual Leave,3,February
EMP0586,Operations,31-08-2024,Sick Leave,1,August
EMP0587,Sales,17-12-2024,Casual Leave,3,December
EMP0588,Finance,22-08-2024,Earned Leave,2,August
EMP0589,Operations,15-07-2024,Casual Leave,3,July
EMP0590,IT,27-03-2024,Sick Leave,1,March
EMP0591,Sales,09-12-2024,Sick Leave,3,December
EMP0592,HR,19-07-2024,Sick Leave,2,July
EMP0593,Finance,27-09-2024,Casual Leave,1,September
EMP0594,IT,19-04-2024,Earned Leave,1,April
EMP0595,IT,04-01-2024,Casual Leave,1,January
EMP0596,Operations,23-12-2024,Sick Leave,1,December
EMP0597,Finance,15-12-2024,Sick Leave,3,December
EMP0598,Sales,01-01-2024,Casual Leave,1,January
EMP0599,Operations,29-09-2024,Casual Leave,3,September
EMP0600,Sales,16-03-2024,Sick Leave,2,March
EMP0601,HR,26-04-2024,Sick Leave,3,April
EMP0602,Operations,30-11-2024,Sick Leave,1,November
EMP0603,Sales,12-12-2024,Casual Leave,3,December
EMP0604,HR,07-08-2024,Earned Leave,3,August
EMP0605,IT,24-01-2024,Earned Leave,3,January
EMP0606,Operations,30-09-2024,Earned Leave,1,September
EMP0607,Finance,06-12-2024,Casual Leave,1,December
EMP0608,Sales,23-08-2024,Casual Leave,1,August
EMP0609,HR,28-03-2024,Earned Leave,3,March
EMP0610,Sales,02-08-2024,Sick Leave,2,August
EMP0611,HR,18-02-2024,Earned Leave,2,February
EMP0612,Finance,12-05-2024,Casual Leave,1,May
EMP0613,IT,05-06-2024,Earned Leave,3,June
EMP0614,HR,13-10-2024,Casual Leave,2,October
EMP0615,IT,08-01-2024,Sick Leave,3,January
EMP0616,IT,02-01-2024,Sick Leave,3,January
EMP0617,Sales,22-01-2024,Casual Leave,2,January
EMP0618,Sales,17-04-2024,Sick Leave,3,April
EMP0619,Operations,03-02-2024,Sick Leave,3,February
EMP0620,IT,26-04-2024,Casual Leave,1,April
EMP0621,IT,09-03-2024,Sick Leave,1,March
EMP0622,Finance,29-09-2024,Casual Leave,2,September
EMP0623,IT,28-03-2024,Casual Leave,1,March
EMP0624,Sales,10-04-2024,Casual Leave,2,April
EMP0625,IT,10-01-2024,Earned Leave,1,January
EMP0626,IT,28-07-2024,Sick Leave,2,July
EMP0627,IT,07-02-2024,Casual Leave,3,February
EMP0628,Finance,06-06-2024,Casual Leave,2,June
EMP0629,IT,18-01-2024,Earned Leave,2,January
EMP0630,Sales,01-07-2024,Earned Leave,1,July
EMP0631,Finance,04-03-2024,Casual Leave,1,March
EMP0632,HR,05-06-2024,Sick Leave,1,June
EMP0633,IT,27-10-2024,Sick Leave,3,October
EMP0634,HR,18-02-2024,Earned Leave,3,February
EMP0635,HR,28-11-2024,Earned Leave,3,November
EMP0636,IT,29-03-2024,Casual Leave,2,March
EMP0637,Operations,22-12-2024,Casual Leave,2,December
EMP0638,Operations,08-09-2024,Casual Leave,2,September
EMP0639,Operations,20-02-2024,Sick Leave,3,February
EMP0640,Finance,01-01-2024,Sick Leave,2,January
EMP0641,Operations,27-03-2024,Earned Leave,3,March
EMP0642,IT,04-08-2024,Earned Leave,1,August
EMP0643,Sales,07-04-2024,Casual Leave,1,April
EMP0644,HR,28-10-2024,Sick Leave,2,October
EMP0645,HR,19-05-2024,Earned Leave,3,May
EMP0646,IT,22-11-2024,Earned Leave,2,November
EMP0647,Finance,04-10-2024,Casual Leave,1,October
EMP0648,HR,17-06-2024,Sick Leave,1,June
EMP0649,IT,28-07-2024,Casual Leave,2,July
EMP0650,HR,08-05-2024,Earned Leave,3,May
EMP0651,Sales,15-05-2024,Sick Leave,1,May
EMP0652,Sales,17-03-2024,Earned Leave,2,March
EMP0653,Finance,22-06-2024,Casual Leave,1,June
EMP0654,Sales,18-04-2024,Sick Leave,3,April
EMP0655,Finance,18-02-2024,Casual Leave,3,February
EMP0656,Operations,04-06-2024,Earned Leave,2,June
EMP0657,Finance,31-01-2024,Earned Leave,2,January
EMP0658,IT,28-06-2024,Sick Leave,2,June
EMP0659,HR,02-03-2024,Sick Leave,3,March
EMP0660,IT,16-12-2024,Earned Leave,2,December
EMP0661,Operations,03-12-2024,Earned Leave,1,December
EMP0662,HR,13-03-2024,Casual Leave,1,March
EMP0663,Sales,22-01-2024,Earned Leave,3,January
EMP0664,Operations,07-02-2024,Earned Leave,3,February
EMP0665,Finance,11-10-2024,Earned Leave,3,October
EMP0666,Finance,26-12-2024,Earned Leave,2,December
EMP0667,Finance,09-03-2024,Sick Leave,2,March
EMP0668,Operations,06-06-2024,Earned Leave,2,June
EMP0669,Sales,11-07-2024,Earned Leave,1,July
EMP0670,Finance,12-08-2024,Casual Leave,1,August
EMP0671,Operations,26-04-2024,Casual Leave,2,April
EMP0672,Sales,10-05-2024,Sick Leave,2,May
EMP0673,IT,17-10-2024,Sick Leave,3,October
EMP0674,HR,24-07-2024,Casual Leave,1,July
EMP0675,HR,21-04-2024,Casual Leave,2,April
EMP0676,HR,19-09-2024,Casual Leave,1,September
EMP0677,HR,18-12-2024,Sick Leave,1,December
EMP0678,Finance,22-11-2024,Casual Leave,2,November
EMP0679,Sales,11-11-2024,Earned Leave,3,November
EMP0680,Sales,23-09-2024,Casual Leave,2,September
EMP0681,IT,12-09-2024,Casual Leave,1,September
EMP0682,HR,30-05-2024,Earned Leave,1,May
EMP0683,Finance,12-09-2024,Casual Leave,3,September
EMP0684,IT,27-08-2024,Earned Leave,1,August
EMP0685,HR,10-04-2024,Earned Leave,3,April
EMP0686,IT,12-12-2024,Casual Leave,1,December
EMP0687,Finance,24-06-2024,Casual Leave,2,June
EMP0688,Finance,27-11-2024,Casual Leave,1,November
EMP0689,IT,21-03-2024,Casual Leave,2,March
EMP0690,HR,04-09-2024,Earned Leave,1,September
EMP0691,Operations,03-05-2024,Sick Leave,1,May
EMP0692,Operations,04-02-2024,Earned Leave,1,February
EMP0693,Operations,14-08-2024,Sick Leave,3,August
EMP0694,HR,04-11-2024,Sick Leave,3,November
EMP0695,Operations,05-07-2024,Sick Leave,2,July
EMP0696,IT,22-06-2024,Earned Leave,2,June
EMP0697,Finance,19-10-2024,Earned Leave,3,October
EMP0698,HR,22-12-2024,Sick Leave,1,December
EMP0699,Finance,19-07-2024,Casual Leave,1,July
EMP0700,Sales,04-09-2024,Casual Leave,2,September
EMP0701,Sales,02-07-2024,Earned Leave,1,July
EMP0702,IT,07-11-2024,Sick Leave,1,November
EMP0703,HR,23-01-2024,Sick Leave,2,January
EMP0704,Finance,20-08-2024,Casual Leave,2,August
EMP0705,Operations,31-05-2024,Casual Leave,2,May
EMP0706,HR,28-01-2024,Casual Leave,2,January
EMP0707,IT,18-03-2024,Sick Leave,2,March
EMP0708,Sales,24-06-2024,Casual Leave,2,June
EMP0709,Operations,04-09-2024,Sick Leave,2,September
EMP0710,Finance,07-04-2024,Earned Leave,3,April
EMP0711,HR,03-03-2024,Earned Leave,1,March
EMP0712,IT,16-12-2024,Earned Leave,3,December
EMP0713,Operations,06-11-2024,Casual Leave,3,November
EMP0714,Finance,18-09-2024,Casual Leave,3,September
EMP0715,Finance,27-10-2024,Earned Leave,1,October
EMP0716,HR,29-05-2024,Sick Leave,3,May
EMP0717,HR,11-07-2024,Earned Leave,1,July
EMP0718,Finance,06-02-2024,Casual Leave,3,February
EMP0719,IT,30-06-2024,Casual Leave,1,June
EMP0720,IT,03-06-2024,Casual Leave,2,June
EMP0721,IT,04-02-2024,Casual Leave,2,February
EMP0722,Operations,20-02-2024,Sick Leave,3,February
EMP0723,HR,19-08-2024,Casual Leave,2,August
EMP0724,IT,05-10-2024,Casual Leave,3,October
EMP0725,Finance,30-01-2024,Sick Leave,2,January
EMP0726,IT,14-02-2024,Earned Leave,1,February
EMP0727,Sales,08-09-2024,Earned Leave,3,September
EMP0728,Finance,01-03-2024,Casual Leave,1,March
EMP0729,HR,27-06-2024,Earned Leave,1,June
EMP0730,IT,03-11-2024,Earned Leave,3,November
EMP0731,HR,01-04-2024,Earned Leave,3,April
EMP0732,HR,25-04-2024,Sick Leave,2,April
EMP0733,HR,17-09-2024,Sick Leave,1,September
EMP0734,Sales,31-07-2024,Casual Leave,1,July
EMP0735,Sales,28-05-2024,Earned Leave,3,May
EMP0736,Sales,18-05-2024,Earned Leave,2,May
EMP0737,Finance,26-10-2024,Sick Leave,3,October
EMP0738,HR,11-06-2024,Earned Leave,3,June
EMP0739,Operations,08-01-2024,Casual Leave,2,January
EMP0740,HR,30-08-2024,Sick Leave,1,August
EMP0741,Sales,31-10-2024,Sick Leave,1,October
EMP0742,HR,27-07-2024,Earned Leave,1,July
EMP0743,Finance,05-08-2024,Casual Leave,3,August
EMP0744,Finance,02-07-2024,Sick Leave,2,July
EMP0745,HR,14-09-2024,Sick Leave,1,September
EMP0746,IT,25-12-2024,Sick Leave,1,December
EMP0747,Operations,13-09-2024,Casual Leave,1,September
EMP0748,Operations,28-12-2024,Earned Leave,3,December
EMP0749,IT,16-02-2024,Casual Leave,1,February
EMP0750,Operations,21-02-2024,Earned Leave,2,February
EMP0751,IT,08-06-2024,Casual Leave,1,June
EMP0752,Finance,21-08-2024,Sick Leave,2,August
EMP0753,HR,28-01-2024,Sick Leave,2,January
EMP0754,IT,10-08-2024,Casual Leave,1,August
EMP0755,Finance,05-06-2024,Casual Leave,3,June
EMP0756,Sales,24-12-2024,Casual Leave,2,December
EMP0757,HR,12-05-2024,Sick Leave,3,May
EMP0758,HR,29-10-2024,Sick Leave,3,October
EMP0759,IT,15-12-2024,Earned Leave,3,December
EMP0760,IT,15-04-2024,Sick Leave,2,April
EMP0761,HR,01-10-2024,Casual Leave,2,October
EMP0762,HR,06-01-2024,Sick Leave,3,January
EMP0763,IT,12-06-2024,Sick Leave,1,June
EMP0764,IT,07-10-2024,Casual Leave,2,October
EMP0765,Operations,29-05-2024,Sick Leave,1,May
EMP0766,HR,20-10-2024,Casual Leave,3,October
EMP0767,Finance,07-01-2024,Sick Leave,2,January
EMP0768,Finance,28-08-2024,Earned Leave,2,August
EMP0769,IT,08-08-2024,Sick Leave,3,August
EMP0770,Sales,20-05-2024,Sick Leave,2,May
EMP0771,Finance,30-07-2024,Earned Leave,3,July
EMP0772,Sales,17-01-2024,Casual Leave,1,January
EMP0773,Finance,29-02-2024,Casual Leave,1,February
EMP0774,HR,15-03-2024,Casual Leave,3,March
EMP0775,HR,26-07-2024,Casual Leave,3,July
EMP0776,Sales,09-08-2024,Sick Leave,3,August
EMP0777,HR,27-10-2024,Earned Leave,1,October
EMP0778,Sales,17-12-2024,Sick Leave,2,December
EMP0779,IT,19-11-2024,Casual Leave,3,November
EMP0780,Finance,16-10-2024,Sick Leave,1,October
EMP0781,Sales,17-11-2024,Sick Leave,2,November
EMP0782,Finance,24-09-2024,Casual Leave,2,September
EMP0783,Finance,18-09-2024,Sick Leave,2,September
EMP0784,Finance,23-04-2024,Earned Leave,3,April
EMP0785,IT,07-01-2024,Earned Leave,3,January
EMP0786,Finance,10-09-2024,Sick Leave,1,September
EMP0787,IT,08-03-2024,Casual Leave,2,March
EMP0788,Finance,29-04-2024,Sick Leave,2,April
EMP0789,Finance,26-03-2024,Earned Leave,2,March
EMP0790,HR,13-03-2024,Casual Leave,3,March
EMP0791,Operations,09-03-2024,Earned Leave,2,March
EMP0792,HR,14-12-2024,Casual Leave,3,December
EMP0793,HR,25-08-2024,Sick Leave,2,August
EMP0794,HR,11-12-2024,Sick Leave,2,December
EMP0795,IT,16-10-2024,Casual Leave,1,October
EMP0796,IT,11-03-2024,Sick Leave,1,March
EMP0797,Finance,06-05-2024,Earned Leave,1,May
EMP0798,HR,20-09-2024,Earned Leave,3,September
EMP0799,IT,12-10-2024,Earned Leave,2,October
EMP0800,Sales,07-12-2024,Sick Leave,2,December
EMP0801,Finance,18-03-2024,Earned Leave,2,March
EMP0802,IT,06-04-2024,Sick Leave,2,April
EMP0803,Finance,24-04-2024,Earned Leave,2,April
EMP0804,Finance,06-10-2024,Earned Leave,3,October
EMP0805,HR,01-05-2024,Casual Leave,1,May
EMP0806,Sales,22-11-2024,Sick Leave,1,November
EMP0807,Operations,23-10-2024,Sick Leave,3,October
EMP0808,IT,06-06-2024,Earned Leave,3,June
EMP0809,HR,26-10-2024,Casual Leave,1,October
EMP0810,Sales,28-10-2024,Sick Leave,1,October
EMP0811,HR,22-12-2024,Casual Leave,1,December
EMP0812,IT,27-12-2024,Sick Leave,2,December
EMP0813,HR,15-04-2024,Earned Leave,3,April
EMP0814,Operations,27-02-2024,Sick Leave,2,February
EMP0815,Operations,29-04-2024,Sick Leave,2,April
EMP0816,HR,17-09-2024,Sick Leave,1,September
EMP0817,Finance,02-02-2024,Sick Leave,1,February
EMP0818,Operations,11-01-2024,Casual Leave,2,January
EMP0819,Operations,18-06-2024,Sick Leave,1,June
EMP0820,Sales,28-01-2024,Earned Leave,1,January
EMP0821,Sales,13-12-2024,Casual Leave,3,December
EMP0822,Operations,09-09-2024,Earned Leave,2,September
EMP0823,IT,09-01-2024,Casual Leave,1,January
EMP0824,IT,17-05-2024,Sick Leave,1,May
EMP0825,Operations,11-01-2024,Casual Leave,2,January
EMP0826,Finance,23-01-2024,Earned Leave,3,January
EMP0827,HR,22-09-2024,Casual Leave,3,September
EMP0828,HR,19-06-2024,Sick Leave,1,June
EMP0829,Sales,19-04-2024,Casual Leave,2,April
EMP0830,Operations,01-05-2024,Casual Leave,2,May
EMP0831,Finance,15-05-2024,Earned Leave,3,May
EMP0832,IT,17-05-2024,Casual Leave,2,May
EMP0833,Sales,15-02-2024,Sick Leave,1,February
EMP0834,HR,15-07-2024,Casual Leave,3,July
EMP0835,Operations,18-06-2024,Casual Leave,3,June
EMP0836,Finance,23-03-2024,Sick Leave,1,March
EMP0837,IT,03-04-2024,Sick Leave,3,April
EMP0838,Sales,15-04-2024,Casual Leave,3,April
EMP0839,Sales,15-03-2024,Casual Leave,2,March
EMP0840,IT,02-10-2024,Casual Leave,2,October
EMP0841,IT,21-06-2024,Sick Leave,2,June
EMP0842,Sales,15-06-2024,Earned Leave,3,June
EMP0843,Operations,22-07-2024,Sick Leave,2,July
EMP0844,IT,17-03-2024,Sick Leave,3,March
EMP0845,HR,11-11-2024,Casual Leave,2,November
EMP0846,Operations,26-10-2024,Sick Leave,3,October
EMP0847,Sales,26-10-2024,Earned Leave,3,October
EMP0848,Sales,06-06-2024,Casual Leave,1,June
EMP0849,HR,11-09-2024,Casual Leave,1,September
EMP0850,Finance,30-03-2024,Sick Leave,2,March
EMP0851,Operations,12-11-2024,Earned Leave,1,November
EMP0852,Operations,27-01-2024,Casual Leave,3,January
EMP0853,HR,08-02-2024,Sick Leave,2,February
EMP0854,Finance,28-04-2024,Earned Leave,3,April
EMP0855,Sales,01-05-2024,Earned Leave,1,May
EMP0856,IT,21-05-2024,Sick Leave,3,May
EMP0857,Operations,13-05-2024,Casual Leave,3,May
EMP0858,Finance,04-03-2024,Sick Leave,1,March
EMP0859,IT,23-03-2024,Sick Leave,3,March
EMP0860,IT,23-05-2024,Earned Leave,2,May
EMP0861,Sales,23-02-2024,Casual Leave,2,February
EMP0862,IT,17-02-2024,Earned Leave,1,February
EMP0863,Operations,24-09-2024,Casual Leave,3,September
EMP0864,IT,19-08-2024,Sick Leave,3,August
EMP0865,Sales,07-06-2024,Earned Leave,1,June
EMP0866,HR,08-11-2024,Earned Leave,1,November
EMP0867,Finance,05-04-2024,Casual Leave,3,April
EMP0868,Finance,09-10-2024,Earned Leave,2,October
EMP0869,IT,30-11-2024,Casual Leave,3,November
EMP0870,Operations,13-04-2024,Earned Leave,3,April
EMP0871,Operations,27-10-2024,Casual Leave,3,October
EMP0872,Operations,25-06-2024,Earned Leave,1,June
EMP0873,Operations,02-09-2024,Casual Leave,3,September
EMP0874,HR,11-04-2024,Sick Leave,3,April
EMP0875,Finance,26-03-2024,Earned Leave,1,March
EMP0876,Operations,04-02-2024,Earned Leave,3,February
EMP0877,Operations,18-11-2024,Earned Leave,2,November
EMP0878,IT,19-05-2024,Sick Leave,1,May
EMP0879,Operations,11-05-2024,Casual Leave,1,May
EMP0880,Operations,07-10-2024,Sick Leave,3,October
EMP0881,Operations,24-03-2024,Casual Leave,3,March
EMP0882,Finance,25-11-2024,Sick Leave,2,November
EMP0883,HR,08-02-2024,Earned Leave,3,February
EMP0884,HR,08-02-2024,Earned Leave,2,February
EMP0885,HR,31-10-2024,Earned Leave,3,October
EMP0886,Operations,19-10-2024,Sick Leave,2,October
EMP0887,Finance,02-11-2024,Earned Leave,1,November
EMP0888,HR,21-03-2024,Earned Leave,2,March
EMP0889,Operations,05-05-2024,Casual Leave,3,May
EMP0890,HR,15-01-2024,Earned Leave,1,January
EMP0891,Finance,22-06-2024,Sick Leave,1,June
EMP0892,Sales,28-10-2024,Casual Leave,2,October
EMP0893,Sales,14-08-2024,Sick Leave,1,August
EMP0894,Sales,26-04-2024,Casual Leave,2,April
EMP0895,Operations,16-12-2024,Earned Leave,3,December
EMP0896,HR,14-06-2024,Earned Leave,3,June
EMP0897,Finance,18-02-2024,Earned Leave,2,February
EMP0898,Finance,08-09-2024,Earned Leave,1,September
EMP0899,HR,18-01-2024,Earned Leave,3,January
EMP0900,HR,22-03-2024,Earned Leave,3,March
EMP0901,Finance,20-09-2024,Casual Leave,2,September
EMP0902,Sales,27-10-2024,Sick Leave,3,October
EMP0903,HR,21-11-2024,Sick Leave,3,November
EMP0904,HR,13-03-2024,Sick Leave,3,March
EMP0905,Sales,21-09-2024,Casual Leave,3,September
EMP0906,HR,09-12-2024,Casual Leave,1,December
EMP0907,Sales,04-09-2024,Earned Leave,2,September
EMP0908,Operations,24-09-2024,Sick Leave,2,September
EMP0909,HR,12-05-2024,Casual Leave,2,May
EMP0910,Operations,20-02-2024,Casual Leave,1,February
EMP0911,Sales,25-03-2024,Earned Leave,2,March
EMP0912,IT,27-04-2024,Casual Leave,3,April
EMP0913,Finance,03-04-2024,Earned Leave,3,April
EMP0914,Finance,12-06-2024,Earned Leave,1,June
EMP0915,HR,10-10-2024,Sick Leave,1,October
EMP0916,Sales,06-08-2024,Casual Leave,1,August
EMP0917,IT,07-12-2024,Casual Leave,3,December
EMP0918,Sales,31-08-2024,Casual Leave,2,August
EMP0919,Operations,07-04-2024,Casual Leave,3,April
EMP0920,Sales,27-11-2024,Sick Leave,2,November
EMP0921,Finance,12-02-2024,Earned Leave,1,February
EMP0922,IT,16-10-2024,Casual Leave,1,October
EMP0923,Finance,20-12-2024,Casual Leave,3,December
EMP0924,IT,25-07-2024,Casual Leave,1,July
EMP0925,Sales,11-01-2024,Casual Leave,1,January
EMP0926,Finance,29-10-2024,Earned Leave,2,October
EMP0927,Sales,13-11-2024,Sick Leave,3,November
EMP0928,Sales,10-08-2024,Sick Leave,3,August
EMP0929,Finance,28-03-2024,Earned Leave,3,March
EMP0930,HR,27-02-2024,Casual Leave,2,February
EMP0931,Operations,25-02-2024,Sick Leave,2,February
EMP0932,Operations,12-05-2024,Earned Leave,2,May
EMP0933,Finance,03-09-2024,Sick Leave,2,September
EMP0934,Operations,30-10-2024,Casual Leave,3,October
EMP0935,Sales,08-06-2024,Sick Leave,1,June
EMP0936,IT,05-07-2024,Earned Leave,2,July
EMP0937,Sales,20-08-2024,Earned Leave,1,August
EMP0938,HR,29-01-2024,Sick Leave,1,January
EMP0939,IT,26-01-2024,Sick Leave,3,January
EMP0940,HR,25-01-2024,Sick Leave,2,January
EMP0941,Operations,29-06-2024,Earned Leave,3,June
EMP0942,Sales,29-12-2024,Sick Leave,3,December
EMP0943,Sales,26-08-2024,Casual Leave,1,August
EMP0944,Finance,15-06-2024,Sick Leave,1,June
EMP0945,HR,18-06-2024,Sick Leave,3,June
EMP0946,HR,20-09-2024,Sick Leave,2,September
EMP0947,Sales,13-03-2024,Sick Leave,3,March
EMP0948,IT,17-09-2024,Casual Leave,1,September
EMP0949,Finance,20-06-2024,Sick Leave,1,June
EMP0950,Operations,15-04-2024,Earned Leave,3,April
EMP0951,Finance,20-04-2024,Sick Leave,1,April
EMP0952,Sales,17-04-2024,Sick Leave,3,April
EMP0953,IT,07-08-2024,Sick Leave,1,August
EMP0954,IT,20-09-2024,Casual Leave,2,September
EMP0955,Operations,07-10-2024,Casual Leave,2,October
EMP0956,Sales,14-10-2024,Sick Leave,1,October
EMP0957,Sales,13-04-2024,Sick Leave,1,April
EMP0958,IT,28-12-2024,Casual Leave,2,December
EMP0959,IT,23-01-2024,Earned Leave,2,January
EMP0960,IT,15-11-2024,Sick Leave,1,November
EMP0961,HR,06-02-2024,Sick Leave,2,February
EMP0962,HR,14-02-2024,Earned Leave,1,February
EMP0963,Operations,24-10-2024,Sick Leave,2,October
EMP0964,Operations,10-11-2024,Earned Leave,3,November
EMP0965,HR,12-03-2024,Earned Leave,3,March
EMP0966,HR,07-01-2024,Sick Leave,2,January
EMP0967,HR,10-11-2024,Sick Leave,1,November
EMP0968,IT,12-03-2024,Casual Leave,2,March
EMP0969,Sales,17-09-2024,Casual Leave,2,September
EMP0970,IT,18-08-2024,Earned Leave,3,August
EMP0971,HR,23-08-2024,Sick Leave,3,August
EMP0972,HR,04-12-2024,Sick Leave,2,December
EMP0973,HR,26-01-2024,Casual Leave,1,January
EMP0974,Sales,13-09-2024,Casual Leave,2,September
EMP0975,HR,05-11-2024,Sick Leave,1,November
EMP0976,IT,27-11-2024,Sick Leave,2,November
EMP0977,Operations,23-03-2024,Earned Leave,1,March
EMP0978,IT,08-11-2024,Casual Leave,2,November
EMP0979,HR,22-09-2024,Earned Leave,3,September
EMP0980,HR,01-02-2024,Sick Leave,1,February
EMP0981,Sales,24-07-2024,Sick Leave,1,July
EMP0982,IT,30-01-2024,Casual Leave,1,January
EMP0983,Sales,06-12-2024,Sick Leave,3,December
EMP0984,IT,19-01-2024,Casual Leave,1,January
EMP0985,Operations,16-10-2024,Earned Leave,1,October
EMP0986,IT,20-11-2024,Sick Leave,3,November
EMP0987,IT,26-12-2024,Casual Leave,3,December
EMP0988,Operations,07-05-2024,Casual Leave,3,May
EMP0989,IT,23-01-2024,Casual Leave,2,January
EMP0990,Sales,16-01-2024,Casual Leave,2,January
EMP0991,Sales,17-08-2024,Earned Leave,2,August
EMP0992,Finance,17-08-2024,Earned Leave,1,August
EMP0993,IT,22-03-2024,Sick Leave,2,March
EMP0994,Sales,06-01-2024,Sick Leave,3,January
EMP0995,IT,28-11-2024,Sick Leave,2,November
EMP0996,HR,11-09-2024,Casual Leave,1,September
EMP0997,Sales,16-04-2024,Casual Leave,3,April
EMP0998,HR,06-12-2024,Sick Leave,2,December
EMP0999,Operations,09-06-2024,Casual Leave,2,June
EMP1000,IT,23-12-2024,Casual Leave,2,December
EMP1001,Operations,10-02-2024,Earned Leave,3,February
EMP1002,HR,03-02-2024,Casual Leave,3,February
EMP1003,HR,16-06-2024,Casual Leave,1,June
EMP1004,IT,21-07-2024,Sick Leave,2,July
EMP1005,IT,22-05-2024,Earned Leave,3,May
EMP1006,Finance,16-11-2024,Earned Leave,3,November
EMP1007,IT,24-06-2024,Casual Leave,1,June
EMP1008,Sales,21-04-2024,Sick Leave,3,April
EMP1009,Sales,09-09-2024,Sick Leave,3,September
EMP1010,HR,14-06-2024,Casual Leave,2,June
EMP1011,Sales,24-08-2024,Casual Leave,2,August
EMP1012,Finance,28-02-2024,Sick Leave,2,February
EMP1013,Operations,11-03-2024,Casual Leave,1,March
EMP1014,Operations,30-10-2024,Earned Leave,2,October
EMP1015,Sales,01-03-2024,Casual Leave,3,March
EMP1016,HR,04-07-2024,Sick Leave,2,July
EMP1017,IT,30-01-2024,Casual Leave,3,January
EMP1018,Finance,02-07-2024,Sick Leave,1,July
EMP1019,IT,27-04-2024,Casual Leave,2,April
EMP1020,IT,20-02-2024,Earned Leave,1,February
EMP1021,IT,18-02-2024,Earned Leave,1,February
EMP1022,IT,25-10-2024,Casual Leave,2,October
EMP1023,Finance,11-01-2024,Earned Leave,1,January
EMP1024,IT,23-11-2024,Casual Leave,3,November
EMP1025,HR,14-10-2024,Casual Leave,2,October
EMP1026,Operations,10-07-2024,Sick Leave,1,July
EMP1027,HR,01-03-2024,Earned Leave,3,March
EMP1028,HR,20-11-2024,Sick Leave,3,November
EMP1029,Operations,11-11-2024,Earned Leave,1,November
EMP1030,HR,10-12-2024,Casual Leave,1,December
EMP1031,Operations,23-01-2024,Sick Leave,3,January
EMP1032,HR,26-01-2024,Casual Leave,3,January
EMP1033,IT,30-05-2024,Sick Leave,1,May
EMP1034,IT,18-12-2024,Casual Leave,3,December
EMP1035,Operations,25-02-2024,Earned Leave,1,February
EMP1036,Operations,22-11-2024,Earned Leave,3,November
EMP1037,IT,01-11-2024,Earned Leave,3,November
EMP1038,Operations,28-09-2024,Earned Leave,3,September
EMP1039,IT,09-08-2024,Casual Leave,2,August
EMP1040,HR,19-07-2024,Casual Leave,2,July
EMP1041,HR,13-12-2024,Sick Leave,1,December
EMP1042,HR,20-01-2024,Sick Leave,3,January
EMP1043,HR,06-07-2024,Earned Leave,1,July
EMP1044,HR,09-11-2024,Earned Leave,3,November
EMP1045,Operations,28-08-2024,Casual Leave,3,August
EMP1046,Sales,15-03-2024,Sick Leave,1,March
EMP1047,Operations,25-10-2024,Sick Leave,3,October
EMP1048,Operations,15-01-2024,Casual Leave,3,January
EMP1049,Operations,15-01-2024,Earned Leave,2,January
EMP1050,Operations,02-02-2024,Earned Leave,2,February
EMP1051,IT,19-05-2024,Sick Leave,2,May
EMP1052,Sales,16-09-2024,Sick Leave,2,September
EMP1053,HR,26-09-2024,Casual Leave,3,September
EMP1054,HR,25-08-2024,Casual Leave,1,August
EMP1055,Finance,13-05-2024,Sick Leave,3,May
EMP1056,Finance,07-03-2024,Sick Leave,3,March
EMP1057,Sales,11-10-2024,Casual Leave,1,October
EMP1058,IT,06-02-2024,Casual Leave,3,February
EMP1059,IT,12-07-2024,Casual Leave,1,July
EMP1060,IT,08-05-2024,Earned Leave,1,May
EMP1061,Finance,18-07-2024,Earned Leave,3,July
EMP1062,Sales,14-05-2024,Casual Leave,3,May
EMP1063,Operations,27-07-2024,Sick Leave,2,July
EMP1064,Sales,16-01-2024,Casual Leave,1,January
EMP1065,Sales,05-04-2024,Earned Leave,1,April
EMP1066,HR,04-12-2024,Sick Leave,2,December
EMP1067,Sales,19-10-2024,Casual Leave,3,October
EMP1068,HR,09-06-2024,Casual Leave,2,June
EMP1069,Operations,10-07-2024,Sick Leave,3,July
EMP1070,HR,19-04-2024,Earned Leave,1,April
EMP1071,HR,01-06-2024,Sick Leave,1,June
EMP1072,HR,07-03-2024,Sick Leave,1,March
EMP1073,HR,13-02-2024,Sick Leave,1,February
EMP1074,Sales,10-04-2024,Earned Leave,2,April
EMP1075,Finance,09-04-2024,Earned Leave,3,April
EMP1076,Finance,26-12-2024,Earned Leave,3,December
EMP1077,IT,07-08-2024,Earned Leave,2,August
EMP1078,Operations,10-02-2024,Sick Leave,2,February
EMP1079,IT,12-07-2024,Sick Leave,3,July
EMP1080,Finance,29-07-2024,Sick Leave,3,July
EMP1081,IT,21-04-2024,Casual Leave,2,April
EMP1082,Operations,24-11-2024,Casual Leave,1,November
EMP1083,Finance,18-02-2024,Casual Leave,2,February
EMP1084,HR,11-02-2024,Earned Leave,1,February
EMP1085,Finance,03-01-2024,Earned Leave,3,January
EMP1086,IT,01-09-2024,Sick Leave,3,September
EMP1087,HR,03-11-2024,Earned Leave,1,November
EMP1088,Finance,11-05-2024,Casual Leave,3,May
EMP1089,HR,07-09-2024,Casual Leave,3,September
EMP1090,HR,19-11-2024,Casual Leave,1,November
EMP1091,IT,01-02-2024,Earned Leave,2,February
EMP1092,Operations,06-01-2024,Earned Leave,2,January
EMP1093,Finance,25-02-2024,Casual Leave,1,February
EMP1094,Finance,05-02-2024,Casual Leave,2,February
EMP1095,IT,20-06-2024,Earned Leave,3,June
EMP1096,Sales,10-02-2024,Sick Leave,2,February
EMP1097,Finance,24-02-2024,Sick Leave,3,February
EMP1098,IT,28-09-2024,Earned Leave,2,September
EMP1099,Sales,23-07-2024,Earned Leave,1,July
EMP1100,HR,07-04-2024,Casual Leave,3,April
EMP1101,Sales,26-05-2024,Earned Leave,3,May
EMP1102,Finance,05-04-2024,Casual Leave,3,April
EMP1103,HR,12-10-2024,Earned Leave,1,October
EMP1104,Sales,05-09-2024,Casual Leave,1,September
EMP1105,IT,19-02-2024,Sick Leave,2,February
EMP1106,Sales,18-09-2024,Earned Leave,3,September
EMP1107,IT,29-09-2024,Casual Leave,2,September
EMP1108,HR,22-06-2024,Sick Leave,3,June
EMP1109,HR,23-06-2024,Sick Leave,2,June
EMP1110,Sales,26-04-2024,Sick Leave,2,April
EMP1111,Operations,27-06-2024,Earned Leave,1,June
EMP1112,Finance,06-01-2024,Earned Leave,3,January
EMP1113,Operations,09-04-2024,Earned Leave,1,April
EMP1114,Finance,17-10-2024,Sick Leave,1,October
EMP1115,HR,06-05-2024,Earned Leave,3,May
EMP1116,Finance,15-06-2024,Casual Leave,1,June
EMP1117,HR,18-02-2024,Earned Leave,3,February
EMP1118,Operations,10-03-2024,Earned Leave,2,March
EMP1119,Operations,15-03-2024,Sick Leave,3,March
EMP1120,HR,07-06-2024,Sick Leave,1,June
EMP1121,Finance,21-07-2024,Casual Leave,1,July
EMP1122,IT,07-07-2024,Sick Leave,2,July
EMP1123,Finance,19-06-2024,Casual Leave,3,June
EMP1124,Sales,17-12-2024,Casual Leave,2,December
EMP1125,HR,23-09-2024,Earned Leave,3,September
EMP1126,IT,01-06-2024,Earned Leave,3,June
EMP1127,HR,31-08-2024,Casual Leave,3,August
EMP1128,Operations,26-01-2024,Sick Leave,2,January
EMP1129,Operations,23-03-2024,Casual Leave,1,March
EMP1130,HR,05-11-2024,Sick Leave,1,November
EMP1131,Operations,13-03-2024,Sick Leave,3,March
EMP1132,HR,09-11-2024,Casual Leave,2,November
EMP1133,Finance,17-01-2024,Sick Leave,2,January
EMP1134,Sales,13-10-2024,Earned Leave,1,October
EMP1135,IT,05-10-2024,Earned Leave,3,October
EMP1136,Finance,23-01-2024,Casual Leave,1,January
EMP1137,Operations,04-06-2024,Earned Leave,1,June
EMP1138,Sales,05-10-2024,Casual Leave,1,October
EMP1139,Finance,19-02-2024,Sick Leave,3,February
EMP1140,HR,27-01-2024,Sick Leave,2,January
EMP1141,IT,14-09-2024,Sick Leave,2,September
EMP1142,HR,24-10-2024,Earned Leave,3,October
EMP1143,HR,08-04-2024,Earned Leave,2,April
EMP1144,Finance,26-07-2024,Earned Leave,1,July
EMP1145,Sales,12-08-2024,Earned Leave,2,August
EMP1146,IT,09-12-2024,Sick Leave,3,December
EMP1147,Finance,08-03-2024,Earned Leave,3,March
EMP1148,HR,10-02-2024,Earned Leave,2,February
EMP1149,IT,24-09-2024,Sick Leave,1,September
EMP1150,Operations,28-07-2024,Earned Leave,2,July
EMP1151,IT,11-07-2024,Casual Leave,3,July
EMP1152,Sales,28-01-2024,Earned Leave,1,January
EMP1153,HR,29-04-2024,Casual Leave,3,April
EMP1154,Finance,05-06-2024,Sick Leave,3,June
EMP1155,Finance,19-09-2024,Sick Leave,2,September
EMP1156,Sales,12-06-2024,Earned Leave,3,June
EMP1157,IT,04-05-2024,Sick Leave,2,May
EMP1158,Operations,18-08-2024,Earned Leave,3,August
EMP1159,Sales,02-11-2024,Sick Leave,2,November
EMP1160,HR,30-09-2024,Sick Leave,1,September
EMP1161,Operations,09-04-2024,Casual Leave,1,April
EMP1162,HR,07-03-2024,Earned Leave,2,March
EMP1163,Operations,15-08-2024,Earned Leave,1,August
EMP1164,Sales,13-01-2024,Earned Leave,2,January
EMP1165,Operations,09-09-2024,Sick Leave,2,September
EMP1166,Sales,19-11-2024,Casual Leave,3,November
EMP1167,HR,05-06-2024,Casual Leave,1,June
EMP1168,HR,18-05-2024,Sick Leave,1,May
EMP1169,Finance,13-10-2024,Casual Leave,2,October
EMP1170,Sales,20-05-2024,Earned Leave,3,May
EMP1171,Finance,29-06-2024,Earned Leave,2,June
EMP1172,Finance,12-11-2024,Earned Leave,1,November
EMP1173,Operations,25-08-2024,Casual Leave,1,August
EMP1174,IT,01-12-2024,Sick Leave,2,December
EMP1175,Operations,08-12-2024,Earned Leave,3,December
EMP1176,IT,20-03-2024,Earned Leave,3,March
EMP1177,HR,21-03-2024,Casual Leave,1,March
EMP1178,Finance,29-03-2024,Earned Leave,1,March
EMP1179,HR,15-02-2024,Sick Leave,3,February
EMP1180,HR,17-01-2024,Casual Leave,3,January
EMP1181,Finance,12-02-2024,Casual Leave,2,February
EMP1182,HR,07-08-2024,Casual Leave,1,August
EMP1183,Operations,25-02-2024,Casual Leave,2,February
EMP1184,Sales,13-10-2024,Sick Leave,3,October
EMP1185,Finance,17-06-2024,Sick Leave,3,June
EMP1186,Finance,13-01-2024,Casual Leave,3,January
EMP1187,Operations,18-07-2024,Casual Leave,2,July
EMP1188,Operations,16-01-2024,Casual Leave,3,January
EMP1189,IT,20-04-2024,Sick Leave,2,April
EMP1190,Sales,22-03-2024,Casual Leave,1,March
EMP1191,HR,13-10-2024,Sick Leave,2,October
EMP1192,IT,04-05-2024,Sick Leave,3,May
EMP1193,IT,31-03-2024,Sick Leave,1,March
EMP1194,Operations,04-02-2024,Sick Leave,3,February
EMP1195,Operations,27-09-2024,Casual Leave,2,September
EMP1196,Operations,11-05-2024,Sick Leave,1,May
EMP1197,Sales,03-12-2024,Sick Leave,1,December
EMP1198,HR,17-01-2024,Sick Leave,3,January
EMP1199,HR,25-01-2024,Earned Leave,1,January
EMP1200,Sales,26-09-2024,Casual Leave,1,September
EMP1201,Operations,15-09-2024,Earned Leave,1,September
EMP1202,IT,05-03-2024,Earned Leave,2,March
EMP1203,IT,05-09-2024,Casual Leave,2,September
EMP1204,Finance,10-05-2024,Earned Leave,2,May
EMP1205,IT,23-06-2024,Earned Leave,3,June
EMP1206,Finance,04-11-2024,Sick Leave,3,November
EMP1207,Finance,28-10-2024,Earned Leave,1,October
EMP1208,Finance,12-07-2024,Earned Leave,2,July
EMP1209,Operations,12-02-2024,Sick Leave,3,February
EMP1210,Sales,15-12-2024,Sick Leave,1,December
EMP1211,Operations,02-08-2024,Casual Leave,1,August
EMP1212,Operations,31-07-2024,Casual Leave,2,July
EMP1213,IT,09-11-2024,Sick Leave,2,November
EMP1214,Operations,23-07-2024,Sick Leave,2,July
EMP1215,HR,28-06-2024,Casual Leave,3,June
EMP1216,IT,03-01-2024,Earned Leave,1,January
EMP1217,IT,06-07-2024,Earned Leave,3,July
EMP1218,Finance,22-02-2024,Earned Leave,3,February
EMP1219,Sales,13-03-2024,Earned Leave,2,March
EMP1220,IT,19-10-2024,Sick Leave,1,October
EMP1221,HR,02-03-2024,Earned Leave,1,March
EMP1222,IT,24-12-2024,Sick Leave,1,December
EMP1223,Finance,03-06-2024,Sick Leave,2,June
EMP1224,Sales,01-01-2024,Sick Leave,1,January
EMP1225,HR,12-05-2024,Casual Leave,2,May
EMP1226,HR,04-11-2024,Sick Leave,3,November
EMP1227,Sales,16-02-2024,Casual Leave,2,February
EMP1228,IT,20-09-2024,Earned Leave,3,September
EMP1229,HR,29-02-2024,Casual Leave,1,February
EMP1230,IT,30-09-2024,Earned Leave,3,September
EMP1231,HR,12-01-2024,Earned Leave,1,January
EMP1232,HR,09-08-2024,Sick Leave,3,August
EMP1233,Finance,30-01-2024,Earned Leave,3,January
EMP1234,Finance,03-12-2024,Sick Leave,3,December
EMP1235,Finance,01-02-2024,Casual Leave,1,February
EMP1236,Operations,30-06-2024,Earned Leave,2,June
EMP1237,Operations,13-01-2024,Sick Leave,2,January
EMP1238,Sales,21-07-2024,Casual Leave,2,July
EMP1239,Operations,12-07-2024,Sick Leave,1,July
EMP1240,Finance,02-05-2024,Earned Leave,1,May
EMP1241,HR,02-03-2024,Casual Leave,3,March
EMP1242,Sales,19-08-2024,Casual Leave,3,August
EMP1243,IT,10-05-2024,Casual Leave,1,May
EMP1244,HR,23-05-2024,Casual Leave,1,May
EMP1245,IT,01-07-2024,Casual Leave,3,July
EMP1246,IT,31-08-2024,Sick Leave,2,August
EMP1247,IT,24-12-2024,Earned Leave,2,December
EMP1248,Operations,28-01-2024,Sick Leave,3,January
EMP1249,HR,16-07-2024,Sick Leave,3,July
EMP1250,Operations,28-08-2024,Casual Leave,2,August
